SMILES,Target,Fold,Features
CCO,46.069,0,"[ 6.52083333e+00  6.52083333e+00  2.85416667e+00 -2.88020833e+00
  4.06807966e-01  4.40000000e+01  4.60690000e+01  4.00210000e+01
  4.60418648e+01  2.00000000e+01  0.00000000e+00  2.10022307e-01
 -3.96663715e-01  3.96663715e-01  2.10022307e-01  3.33333333e+00
  4.33333333e+00  4.33333333e+00  1.62489913e+01  1.09081680e+01
  1.34029352e+00 -1.52235869e+00  1.29624264e+00 -1.56836355e+00
  3.83580234e+00  3.18405613e-01  1.63645280e+00  4.14472637e+00
  9.37212077e+01  7.70710678e+00  7.40824829e+00  1.40824829e+00
  3.81066017e+00  3.36237244e+00  4.54124145e-01  1.02062073e-01
  1.02062073e-01  0.00000000e+00  0.00000000e+00  0.00000000e+00
  0.00000000e+00 -4.00000000e-02  4.90935839e+01  1.79464155e-01
  1.96000000e+00  1.96000000e+00  2.84149202e+01  5.10880819e+00
  0.00000000e+00  0.00000000e+00  1.43119966e+00  0.00000000e+00
  0.00000000e+00  0.00000000e+00  0.00000000e+00  0.00000000e+00
  0.00000000e+00  0.00000000e+00  6.85189212e+00  1.06712609e+01
  2.74151711e+00  1.19626010e+01  0.00000000e+00  1.43119966e+00
  0.00000000e+00  0.00000000e+00  6.85189212e+00  6.55898524e+00
  0.00000000e+00  0.00000000e+00  0.00000000e+00  0.00000000e+00
  0.00000000e+00  0.00000000e+00  0.00000000e+00  1.30989931e+01
  0.00000000e+00  0.00000000e+00  1.37056849e+01  0.00000000e+00
  0.00000000e+00  0.00000000e+00  0.00000000e+00  2.02300000e+01
  1.34108774e+01  0.00000000e+00  0.00000000e+00  0.00000000e+00
  0.00000000e+00  0.00000000e+00  0.00000000e+00  0.00000000e+00
  0.00000000e+00  5.10880819e+00  8.28499244e+00  3.84114583e+01
  0.00000000e+00  0.00000000e+00  3.32291667e+00  0.00000000e+00
  0.00000000e+00  0.00000000e+00  0.00000000e+00 -5.73437500e+00
  0.00000000e+00  1.00000000e+00  3.00000000e+00  1.00000000e+00
  1.00000000e+00  0.00000000e+00  0.00000000e+00  0.00000000e+00
  0.00000000e+00  0.00000000e+00  0.00000000e+00  0.00000000e+00
  0.00000000e+00  0.00000000e+00  1.00000000e+00  1.00000000e+00
  1.00000000e+00  0.00000000e+00  2.00000000e+00  0.00000000e+00
  0.00000000e+00  0.00000000e+00  0.00000000e+00  0.00000000e+00
  1.17249915e-01  0.00000000e+00 -1.40000000e-03  1.27598000e+01
  0.00000000e+00  1.00000000e+00  0.00000000e+00  0.00000000e+00
  0.00000000e+00  0.00000000e+00  0.00000000e+00  0.00000000e+00
  0.00000000e+00  0.00000000e+00  0.00000000e+00  0.00000000e+00
  0.00000000e+00  0.00000000e+00  0.00000000e+00  0.00000000e+00
  0.00000000e+00  0.00000000e+00  0.00000000e+00  0.00000000e+00
  0.00000000e+00  0.00000000e+00  0.00000000e+00  0.00000000e+00
  0.00000000e+00  0.00000000e+00  0.00000000e+00  0.00000000e+00
  0.00000000e+00  0.00000000e+00  0.00000000e+00  0.00000000e+00
  0.00000000e+00  0.00000000e+00  0.00000000e+00  0.00000000e+00
  0.00000000e+00  0.00000000e+00  0.00000000e+00  0.00000000e+00
  0.00000000e+00  0.00000000e+00  0.00000000e+00  0.00000000e+00
  0.00000000e+00  0.00000000e+00  0.00000000e+00  0.00000000e+00
  0.00000000e+00  0.00000000e+00  0.00000000e+00  0.00000000e+00
  0.00000000e+00  0.00000000e+00  0.00000000e+00  0.00000000e+00
  0.00000000e+00  0.00000000e+00  0.00000000e+00  0.00000000e+00
  0.00000000e+00  0.00000000e+00  0.00000000e+00  0.00000000e+00
  0.00000000e+00  0.00000000e+00  0.00000000e+00  0.00000000e+00
  0.00000000e+00  0.00000000e+00  0.00000000e+00  0.00000000e+00
  0.00000000e+00  0.00000000e+00  0.00000000e+00  0.00000000e+00
  0.00000000e+00  0.00000000e+00  0.00000000e+00  0.00000000e+00
  0.00000000e+00  0.00000000e+00  0.00000000e+00  0.00000000e+00
  0.00000000e+00]"
CCN,45.084999999999994,1,"[ 6.68750000e+00  6.68750000e+00  4.58333333e-01 -2.94791667e+00
  4.06237095e-01  5.03333333e+01  4.50850000e+01  3.80290000e+01
  4.50578492e+01  2.00000000e+01  0.00000000e+00  1.18367579e-01
 -3.30748418e-01  3.30748418e-01  1.18367579e-01  3.33333333e+00
  4.33333333e+00  4.33333333e+00  1.44893505e+01  1.08409906e+01
  1.32235868e+00 -1.52550365e+00  1.19765478e+00 -1.87149532e+00
  3.99839566e+00  1.13542697e+00  1.61725218e+00  4.40381797e+00
  1.13264739e+02  8.57735027e+00  8.44721360e+00  1.44721360e+00
  4.19337567e+00  3.86803399e+00  4.73606798e-01  1.11803399e-01
  1.11803399e-01  0.00000000e+00  0.00000000e+00  0.00000000e+00
  0.00000000e+00 -4.00000000e-02  6.95418436e+01  1.41640625e-01
  1.96000000e+00  1.96000000e+00  3.03949906e+01  5.71971698e+00
  2.82368416e+00  0.00000000e+00  0.00000000e+00  0.00000000e+00
  0.00000000e+00  0.00000000e+00  0.00000000e+00  0.00000000e+00
  0.00000000e+00  6.85189212e+00  6.49685968e+00  6.85379278e+00
  0.00000000e+00  9.67747694e+00  0.00000000e+00  0.00000000e+00
  0.00000000e+00  5.71971698e+00  6.85189212e+00  6.49685968e+00
  0.00000000e+00  0.00000000e+00  0.00000000e+00  5.71971698e+00
  0.00000000e+00  0.00000000e+00  0.00000000e+00  6.49685968e+00
  0.00000000e+00  0.00000000e+00  1.37056849e+01  0.00000000e+00
  2.82368416e+00  0.00000000e+00  0.00000000e+00  2.60200000e+01
  1.90684688e+01  0.00000000e+00  0.00000000e+00  0.00000000e+00
  0.00000000e+00  0.00000000e+00  0.00000000e+00  0.00000000e+00
  0.00000000e+00  0.00000000e+00  9.67747694e+00  4.58020833e+01
  0.00000000e+00  0.00000000e+00  0.00000000e+00 -4.58333333e-01
  0.00000000e+00  0.00000000e+00  0.00000000e+00 -5.84375000e+00
  0.00000000e+00  1.00000000e+00  3.00000000e+00  2.00000000e+00
  1.00000000e+00  0.00000000e+00  0.00000000e+00  0.00000000e+00
  0.00000000e+00  0.00000000e+00  0.00000000e+00  0.00000000e+00
  0.00000000e+00  0.00000000e+00  1.00000000e+00  1.00000000e+00
  1.00000000e+00  0.00000000e+00  2.00000000e+00  0.00000000e+00
  0.00000000e+00  0.00000000e+00  0.00000000e+00  0.00000000e+00
  9.25385417e-02  0.00000000e+00 -3.50000000e-02  1.47284000e+01
  0.00000000e+00  0.00000000e+00  0.00000000e+00  0.00000000e+00
  0.00000000e+00  0.00000000e+00  0.00000000e+00  0.00000000e+00
  0.00000000e+00  0.00000000e+00  0.00000000e+00  0.00000000e+00
  0.00000000e+00  0.00000000e+00  0.00000000e+00  0.00000000e+00
  0.00000000e+00  1.00000000e+00  0.00000000e+00  0.00000000e+00
  0.00000000e+00  0.00000000e+00  0.00000000e+00  0.00000000e+00
  0.00000000e+00  0.00000000e+00  0.00000000e+00  0.00000000e+00
  0.00000000e+00  0.00000000e+00  0.00000000e+00  0.00000000e+00
  0.00000000e+00  0.00000000e+00  0.00000000e+00  0.00000000e+00
  0.00000000e+00  0.00000000e+00  0.00000000e+00  0.00000000e+00
  0.00000000e+00  0.00000000e+00  0.00000000e+00  0.00000000e+00
  0.00000000e+00  0.00000000e+00  0.00000000e+00  0.00000000e+00
  0.00000000e+00  0.00000000e+00  0.00000000e+00  0.00000000e+00
  0.00000000e+00  0.00000000e+00  0.00000000e+00  0.00000000e+00
  0.00000000e+00  0.00000000e+00  0.00000000e+00  0.00000000e+00
  0.00000000e+00  0.00000000e+00  0.00000000e+00  0.00000000e+00
  0.00000000e+00  0.00000000e+00  0.00000000e+00  0.00000000e+00
  0.00000000e+00  0.00000000e+00  0.00000000e+00  0.00000000e+00
  0.00000000e+00  0.00000000e+00  0.00000000e+00  0.00000000e+00
  0.00000000e+00  0.00000000e+00  0.00000000e+00  0.00000000e+00
  0.00000000e+00  0.00000000e+00  0.00000000e+00  0.00000000e+00
  0.00000000e+00]"
CCC,44.096999999999994,2,"[ 6.77083333e+00  6.77083333e+00  3.09895833e+00 -3.12500000e+00
  3.85470659e-01  5.86666667e+01  4.40970000e+01  3.60330000e+01
  4.40626003e+01  2.00000000e+01  0.00000000e+00  2.60887957e-02
 -6.56454412e-02  6.56454412e-02  2.60887957e-02  2.33333333e+00
  3.00000000e+00  3.00000000e+00  1.34257137e+01  1.05972863e+01
  1.35237444e+00 -1.47605824e+00  1.55881365e+00 -1.26961365e+00
  3.91771365e+00  1.08928635e+00  1.58128539e+00  4.74840858e+00
  1.20396610e+02  9.50000000e+00  9.50000000e+00  1.50000000e+00
  4.50000000e+00  4.50000000e+00  5.00000000e-01  1.25000000e-01
  1.25000000e-01  0.00000000e+00  0.00000000e+00  0.00000000e+00
  0.00000000e+00  0.00000000e+00  8.85519821e+01  1.20000000e-01
  2.00000000e+00  0.00000000e+00  3.27088993e+01  0.00000000e+00
  0.00000000e+00  0.00000000e+00  0.00000000e+00  0.00000000e+00
  0.00000000e+00  0.00000000e+00  0.00000000e+00  0.00000000e+00
  0.00000000e+00  2.00767091e+01  0.00000000e+00  1.09660684e+01
  0.00000000e+00  1.09660684e+01  0.00000000e+00  0.00000000e+00
  0.00000000e+00  0.00000000e+00  2.00767091e+01  0.00000000e+00
  0.00000000e+00  0.00000000e+00  0.00000000e+00  0.00000000e+00
  0.00000000e+00  0.00000000e+00  0.00000000e+00  0.00000000e+00
  0.00000000e+00  0.00000000e+00  3.10427776e+01  0.00000000e+00
  0.00000000e+00  0.00000000e+00  0.00000000e+00  0.00000000e+00
  2.00767091e+01  0.00000000e+00  0.00000000e+00  0.00000000e+00
  0.00000000e+00  0.00000000e+00  0.00000000e+00  0.00000000e+00
  0.00000000e+00  0.00000000e+00  1.09660684e+01  5.30729167e+01
  0.00000000e+00  0.00000000e+00  0.00000000e+00  0.00000000e+00
  0.00000000e+00  0.00000000e+00 -3.12500000e+00 -6.19791667e+00
  0.00000000e+00  1.00000000e+00  3.00000000e+00  0.00000000e+00
  0.00000000e+00  0.00000000e+00  0.00000000e+00  0.00000000e+00
  0.00000000e+00  0.00000000e+00  0.00000000e+00  0.00000000e+00
  0.00000000e+00  0.00000000e+00  0.00000000e+00  0.00000000e+00
  0.00000000e+00  0.00000000e+00  2.00000000e+00  0.00000000e+00
  0.00000000e+00  0.00000000e+00  0.00000000e+00  0.00000000e+00
  8.00000000e-02  0.00000000e+00  1.41630000e+00  1.59650000e+01
  0.00000000e+00  0.00000000e+00  0.00000000e+00  0.00000000e+00
  0.00000000e+00  0.00000000e+00  0.00000000e+00  0.00000000e+00
  0.00000000e+00  0.00000000e+00  0.00000000e+00  0.00000000e+00
  0.00000000e+00  0.00000000e+00  0.00000000e+00  0.00000000e+00
  0.00000000e+00  0.00000000e+00  0.00000000e+00  0.00000000e+00
  0.00000000e+00  0.00000000e+00  0.00000000e+00  0.00000000e+00
  0.00000000e+00  0.00000000e+00  0.00000000e+00  0.00000000e+00
  0.00000000e+00  0.00000000e+00  0.00000000e+00  0.00000000e+00
  0.00000000e+00  0.00000000e+00  0.00000000e+00  0.00000000e+00
  0.00000000e+00  0.00000000e+00  0.00000000e+00  0.00000000e+00
  0.00000000e+00  0.00000000e+00  0.00000000e+00  0.00000000e+00
  0.00000000e+00  0.00000000e+00  0.00000000e+00  0.00000000e+00
  0.00000000e+00  0.00000000e+00  0.00000000e+00  0.00000000e+00
  0.00000000e+00  0.00000000e+00  0.00000000e+00  0.00000000e+00
  0.00000000e+00  0.00000000e+00  0.00000000e+00  0.00000000e+00
  0.00000000e+00  0.00000000e+00  0.00000000e+00  0.00000000e+00
  0.00000000e+00  0.00000000e+00  0.00000000e+00  0.00000000e+00
  0.00000000e+00  0.00000000e+00  0.00000000e+00  0.00000000e+00
  0.00000000e+00  0.00000000e+00  0.00000000e+00  0.00000000e+00
  0.00000000e+00  0.00000000e+00  0.00000000e+00  0.00000000e+00
  0.00000000e+00  0.00000000e+00  0.00000000e+00  0.00000000e+00
  0.00000000e+00]"
CCCl,64.515,3,"[ 6.45293210e+00  6.45293210e+00  2.59027778e+00 -2.71373457e+00
  3.71985547e-01  3.96666667e+01  6.45150000e+01  5.94750000e+01
  6.40079778e+01  2.00000000e+01  0.00000000e+00  4.32292295e-02
 -1.27017656e-01  1.27017656e-01  4.32292295e-02  3.00000000e+00
  3.33333333e+00  3.33333333e+00  3.54956620e+01  1.09903926e+01
  1.38127109e+00 -1.45021569e+00  1.59374543e+00 -1.35739640e+00
  6.17109117e+00  1.51297561e+00  1.25329758e+00  4.02039154e+00
  6.54099095e+01  7.00000000e+00  6.37796447e+00  2.13389342e+00
  3.25000000e+00  2.93898224e+00  8.16946710e-01  9.44911183e-02
  2.83473355e-01  0.00000000e+00  0.00000000e+00  0.00000000e+00
  0.00000000e+00  2.90000000e-01  2.13060588e+01  3.24647308e-01
  2.29000000e+00  2.29000000e+00  3.24323119e+01  0.00000000e+00
  0.00000000e+00  0.00000000e+00  0.00000000e+00  0.00000000e+00
  0.00000000e+00  0.00000000e+00  0.00000000e+00  0.00000000e+00
  1.16009399e+01  6.85189212e+00  0.00000000e+00  1.26858995e+01
  0.00000000e+00  6.85379278e+00  1.16009399e+01  0.00000000e+00
  0.00000000e+00  0.00000000e+00  6.85189212e+00  5.83210672e+00
  0.00000000e+00  0.00000000e+00  0.00000000e+00  0.00000000e+00
  0.00000000e+00  0.00000000e+00  1.16009399e+01  5.83210672e+00
  0.00000000e+00  0.00000000e+00  1.37056849e+01  0.00000000e+00
  0.00000000e+00  0.00000000e+00  0.00000000e+00  0.00000000e+00
  1.26839988e+01  0.00000000e+00  0.00000000e+00  0.00000000e+00
  0.00000000e+00  0.00000000e+00  0.00000000e+00  0.00000000e+00
  0.00000000e+00  0.00000000e+00  1.84547327e+01  3.21350309e+01
  4.78009259e+00  0.00000000e+00  0.00000000e+00  0.00000000e+00
 -2.59027778e+00  0.00000000e+00  0.00000000e+00 -2.71373457e+00
  0.00000000e+00  1.00000000e+00  3.00000000e+00  0.00000000e+00
  0.00000000e+00  0.00000000e+00  0.00000000e+00  0.00000000e+00
  0.00000000e+00  0.00000000e+00  0.00000000e+00  0.00000000e+00
  0.00000000e+00  0.00000000e+00  0.00000000e+00  0.00000000e+00
  1.00000000e+00  0.00000000e+00  1.00000000e+00  0.00000000e+00
  0.00000000e+00  0.00000000e+00  0.00000000e+00  0.00000000e+00
  2.47814112e-01  0.00000000e+00  1.24510000e+00  1.63940000e+01
  0.00000000e+00  0.00000000e+00  0.00000000e+00  0.00000000e+00
  0.00000000e+00  0.00000000e+00  0.00000000e+00  0.00000000e+00
  0.00000000e+00  0.00000000e+00  0.00000000e+00  0.00000000e+00
  0.00000000e+00  0.00000000e+00  0.00000000e+00  0.00000000e+00
  0.00000000e+00  0.00000000e+00  0.00000000e+00  0.00000000e+00
  0.00000000e+00  0.00000000e+00  0.00000000e+00  0.00000000e+00
  0.00000000e+00  1.00000000e+00  0.00000000e+00  0.00000000e+00
  0.00000000e+00  0.00000000e+00  0.00000000e+00  0.00000000e+00
  0.00000000e+00  0.00000000e+00  0.00000000e+00  0.00000000e+00
  0.00000000e+00  0.00000000e+00  0.00000000e+00  0.00000000e+00
  0.00000000e+00  0.00000000e+00  0.00000000e+00  0.00000000e+00
  1.00000000e+00  0.00000000e+00  0.00000000e+00  0.00000000e+00
  0.00000000e+00  0.00000000e+00  0.00000000e+00  0.00000000e+00
  0.00000000e+00  0.00000000e+00  0.00000000e+00  0.00000000e+00
  0.00000000e+00  0.00000000e+00  0.00000000e+00  0.00000000e+00
  0.00000000e+00  0.00000000e+00  0.00000000e+00  0.00000000e+00
  0.00000000e+00  0.00000000e+00  0.00000000e+00  0.00000000e+00
  0.00000000e+00  0.00000000e+00  0.00000000e+00  0.00000000e+00
  0.00000000e+00  0.00000000e+00  0.00000000e+00  0.00000000e+00
  0.00000000e+00  0.00000000e+00  0.00000000e+00  0.00000000e+00
  0.00000000e+00  0.00000000e+00  0.00000000e+00  0.00000000e+00
  0.00000000e+00]"
CCBr,108.966,4,"[ 6.60416667e+00  6.60416667e+00  2.25000000e+00 -2.56250000e+00
  4.12178572e-01  3.96666667e+01  1.08966000e+02  1.03926000e+02
  1.07957462e+02  2.00000000e+01  0.00000000e+00  3.83666830e-02
 -9.31076803e-02  9.31076803e-02  3.83666830e-02  3.00000000e+00
  3.33333333e+00  3.33333333e+00  7.99187295e+01  1.10037313e+01
  1.37828569e+00 -1.45134873e+00  1.66877707e+00 -1.33653441e+00
  9.08875909e+00  1.55864637e+00  1.25329758e+00  4.02039154e+00
  6.54099095e+01  7.00000000e+00  6.37796447e+00  2.96396101e+00
  3.25000000e+00  2.93898224e+00  1.23198051e+00  9.44911183e-02
  4.90990253e-01  0.00000000e+00  0.00000000e+00  0.00000000e+00
  0.00000000e+00  4.80000000e-01  2.13060588e+01  3.82542252e-01
  2.48000000e+00  2.48000000e+00  3.59965932e+01  0.00000000e+00
  0.00000000e+00  0.00000000e+00  0.00000000e+00  0.00000000e+00
  0.00000000e+00  0.00000000e+00  0.00000000e+00  0.00000000e+00
  0.00000000e+00  2.27818360e+01  0.00000000e+00  1.21359857e+01
  0.00000000e+00  6.85379278e+00  1.59299439e+01  0.00000000e+00
  0.00000000e+00  0.00000000e+00  6.85189212e+00  5.28219293e+00
  0.00000000e+00  0.00000000e+00  0.00000000e+00  0.00000000e+00
  0.00000000e+00  0.00000000e+00  1.59299439e+01  5.28219293e+00
  0.00000000e+00  0.00000000e+00  1.37056849e+01  0.00000000e+00
  0.00000000e+00  0.00000000e+00  0.00000000e+00  0.00000000e+00
  1.21340850e+01  0.00000000e+00  0.00000000e+00  0.00000000e+00
  0.00000000e+00  0.00000000e+00  0.00000000e+00  0.00000000e+00
  0.00000000e+00  1.59299439e+01  6.85379278e+00  3.26927083e+01
  2.36979167e+00  0.00000000e+00 -2.25000000e+00  0.00000000e+00
  0.00000000e+00  0.00000000e+00  0.00000000e+00 -2.56250000e+00
  0.00000000e+00  1.00000000e+00  3.00000000e+00  0.00000000e+00
  0.00000000e+00  0.00000000e+00  0.00000000e+00  0.00000000e+00
  0.00000000e+00  0.00000000e+00  0.00000000e+00  0.00000000e+00
  0.00000000e+00  0.00000000e+00  0.00000000e+00  0.00000000e+00
  1.00000000e+00  0.00000000e+00  1.00000000e+00  0.00000000e+00
  0.00000000e+00  0.00000000e+00  0.00000000e+00  0.00000000e+00
  3.16234928e-01  0.00000000e+00  1.40120000e+00  1.94680000e+01
  0.00000000e+00  0.00000000e+00  0.00000000e+00  0.00000000e+00
  0.00000000e+00  0.00000000e+00  0.00000000e+00  0.00000000e+00
  0.00000000e+00  0.00000000e+00  0.00000000e+00  0.00000000e+00
  0.00000000e+00  0.00000000e+00  0.00000000e+00  0.00000000e+00
  0.00000000e+00  0.00000000e+00  0.00000000e+00  0.00000000e+00
  0.00000000e+00  0.00000000e+00  0.00000000e+00  0.00000000e+00
  0.00000000e+00  1.00000000e+00  0.00000000e+00  0.00000000e+00
  0.00000000e+00  0.00000000e+00  0.00000000e+00  0.00000000e+00
  0.00000000e+00  0.00000000e+00  0.00000000e+00  0.00000000e+00
  0.00000000e+00  0.00000000e+00  0.00000000e+00  0.00000000e+00
  0.00000000e+00  0.00000000e+00  0.00000000e+00  0.00000000e+00
  1.00000000e+00  0.00000000e+00  0.00000000e+00  0.00000000e+00
  0.00000000e+00  0.00000000e+00  0.00000000e+00  0.00000000e+00
  0.00000000e+00  0.00000000e+00  0.00000000e+00  0.00000000e+00
  0.00000000e+00  0.00000000e+00  0.00000000e+00  0.00000000e+00
  0.00000000e+00  0.00000000e+00  0.00000000e+00  0.00000000e+00
  0.00000000e+00  0.00000000e+00  0.00000000e+00  0.00000000e+00
  0.00000000e+00  0.00000000e+00  0.00000000e+00  0.00000000e+00
  0.00000000e+00  0.00000000e+00  0.00000000e+00  0.00000000e+00
  0.00000000e+00  0.00000000e+00  0.00000000e+00  0.00000000e+00
  0.00000000e+00  0.00000000e+00  0.00000000e+00  0.00000000e+00
  0.00000000e+00]"
CCF,48.06,0,"[11.66666667 11.66666667  3.14583333 -3.5625      0.38239715 39.66666667
 48.06       43.02       48.03752838 20.          0.          0.08658381
 -0.2514128   0.2514128   0.08658381  3.          3.33333333  3.33333333
 19.14110477 10.94709247  1.39412658 -1.45183364  1.48410438 -1.39988692
  3.85632012  0.52711787  1.25329758  4.02039154 65.40990953  7.
  6.37796447  1.37796447  3.25        2.93898224  0.43898224  0.09449112
  0.09449112  0.          0.          0.          0.         -0.07
 21.30605883  0.22725622  1.93        1.93       26.29458105  0.
  0.          0.          0.          0.          0.          4.39041505
  0.          0.          0.          0.          6.85189212  4.11227567
  9.36821136 11.24420783  0.          0.          0.          0.
  6.85189212  6.62669425  0.          0.          0.          0.
  4.39041505  0.          0.          6.62669425  0.          0.
 13.7056849   0.          0.          0.          0.          0.
 13.47858637  4.39041505  0.          0.          0.          0.
  0.          0.          0.          0.          6.85379278 42.20833333
  0.          0.          0.          0.          0.          0.
  0.         -6.70833333  0.          1.          3.          0.
  0.          0.          0.          0.          0.          0.
  0.          0.          0.          0.          0.          0.
  1.          0.          1.          0.          0.          0.
  0.          0.          0.1462015   0.          0.9758     11.649
  0.          0.          0.          0.          0.          0.
  0.          0.          0.          0.          0.          0.
  0.          0.          0.          0.          0.          0.
  0.          0.          0.          0.          0.          0.
  0.          1.          0.          0.          0.          0.
  0.          0.          0.          0.          0.          0.
  0.          0.          0.          0.          0.          0.
  0.          0.          1.          0.          0.          0.
  0.          0.          0.          0.          0.          0.
  0.          0.          0.          0.          0.          0.
  0.          0.          0.          0.          0.          0.
  0.          0.          0.          0.          0.          0.
  0.          0.          0.          0.          0.          0.
  0.          0.          0.          0.          0.          0.
  0.        ]"
CCOCC,74.123,1,"[ 6.90520833e+00  6.90520833e+00  3.25833333e+00 -3.35625000e+00
  4.75268149e-01  4.88000000e+01  7.41230000e+01  6.40430000e+01
  7.40731649e+01  3.20000000e+01  0.00000000e+00  5.63603525e-02
 -3.82025836e-01  3.82025836e-01  5.63603525e-02  1.80000000e+00
  2.40000000e+00  2.80000000e+00  1.64714898e+01  1.08006904e+01
  1.63524924e+00 -1.85897553e+00  1.64001634e+00 -1.83738121e+00
  4.06677135e+00  1.61762611e-01  1.77299724e+00  4.89399410e+00
  1.98557337e+02  1.27071068e+01  1.24082483e+01  2.40824829e+00
  6.20710678e+00  5.90824829e+00  9.08248290e-01  3.06186218e-01
  3.06186218e-01  1.02062073e-01  1.02062073e-01  2.55155182e-02
  2.55155182e-02 -4.00000000e-02  4.84028247e+02  3.99117905e-01
  3.96000000e+00  3.96000000e+00  4.69973276e+01  4.73686295e+00
  0.00000000e+00  0.00000000e+00  0.00000000e+00  0.00000000e+00
  0.00000000e+00  0.00000000e+00  0.00000000e+00  0.00000000e+00
  0.00000000e+00  0.00000000e+00  1.37037842e+01  2.13425218e+01
  5.48303422e+00  1.84444485e+01  0.00000000e+00  0.00000000e+00
  0.00000000e+00  0.00000000e+00  1.37037842e+01  1.31179705e+01
  0.00000000e+00  0.00000000e+00  0.00000000e+00  0.00000000e+00
  0.00000000e+00  0.00000000e+00  0.00000000e+00  1.31179705e+01
  4.73686295e+00  0.00000000e+00  2.74113698e+01  0.00000000e+00
  0.00000000e+00  0.00000000e+00  0.00000000e+00  9.23000000e+00
  2.68217547e+01  0.00000000e+00  0.00000000e+00  0.00000000e+00
  0.00000000e+00  0.00000000e+00  0.00000000e+00  0.00000000e+00
  0.00000000e+00  4.73686295e+00  1.37075856e+01  7.17291667e+01
  0.00000000e+00  0.00000000e+00  0.00000000e+00  0.00000000e+00
  0.00000000e+00  0.00000000e+00  0.00000000e+00 -1.32291667e+01
  0.00000000e+00  1.00000000e+00  5.00000000e+00  0.00000000e+00
  1.00000000e+00  0.00000000e+00  0.00000000e+00  0.00000000e+00
  0.00000000e+00  0.00000000e+00  0.00000000e+00  0.00000000e+00
  0.00000000e+00  0.00000000e+00  1.00000000e+00  0.00000000e+00
  1.00000000e+00  0.00000000e+00  4.00000000e+00  0.00000000e+00
  0.00000000e+00  0.00000000e+00  0.00000000e+00  0.00000000e+00
  3.16101381e-01  0.00000000e+00  1.04280000e+00  2.21670000e+01
  0.00000000e+00  0.00000000e+00  0.00000000e+00  0.00000000e+00
  0.00000000e+00  0.00000000e+00  0.00000000e+00  0.00000000e+00
  0.00000000e+00  0.00000000e+00  0.00000000e+00  0.00000000e+00
  0.00000000e+00  0.00000000e+00  0.00000000e+00  0.00000000e+00
  0.00000000e+00  0.00000000e+00  0.00000000e+00  0.00000000e+00
  0.00000000e+00  0.00000000e+00  0.00000000e+00  0.00000000e+00
  0.00000000e+00  0.00000000e+00  0.00000000e+00  0.00000000e+00
  0.00000000e+00  0.00000000e+00  0.00000000e+00  0.00000000e+00
  0.00000000e+00  0.00000000e+00  0.00000000e+00  0.00000000e+00
  0.00000000e+00  0.00000000e+00  0.00000000e+00  0.00000000e+00
  0.00000000e+00  1.00000000e+00  0.00000000e+00  0.00000000e+00
  0.00000000e+00  0.00000000e+00  0.00000000e+00  0.00000000e+00
  0.00000000e+00  0.00000000e+00  0.00000000e+00  0.00000000e+00
  0.00000000e+00  0.00000000e+00  0.00000000e+00  0.00000000e+00
  0.00000000e+00  0.00000000e+00  0.00000000e+00  0.00000000e+00
  0.00000000e+00  0.00000000e+00  0.00000000e+00  0.00000000e+00
  0.00000000e+00  0.00000000e+00  0.00000000e+00  0.00000000e+00
  0.00000000e+00  0.00000000e+00  0.00000000e+00  0.00000000e+00
  0.00000000e+00  0.00000000e+00  0.00000000e+00  0.00000000e+00
  0.00000000e+00  0.00000000e+00  0.00000000e+00  0.00000000e+00
  0.00000000e+00  0.00000000e+00  0.00000000e+00  0.00000000e+00
  0.00000000e+00]"
CCNCC,73.139,2,"[ 7.07187500e+00  7.07187500e+00  6.66666667e-01 -3.39791667e+00
  5.04854052e-01  5.26000000e+01  7.31390000e+01  6.20510000e+01
  7.30891494e+01  3.20000000e+01  0.00000000e+00  1.22166650e-01
 -3.17281591e-01  3.17281591e-01  1.22166650e-01  2.00000000e+00
  2.60000000e+00  3.00000000e+00  1.48225612e+01  1.06682155e+01
  1.62330855e+00 -1.85806053e+00  1.47139088e+00 -2.09372364e+00
  4.27349693e+00  7.62424952e-01  1.97939451e+00  5.30366074e+00
  2.21690627e+02  1.35773503e+01  1.34472136e+01  2.44721360e+00
  6.65470054e+00  6.39442719e+00  9.47213595e-01  3.35410197e-01
  3.35410197e-01  1.11803399e-01  1.11803399e-01  2.79508497e-02
  2.79508497e-02 -4.00000000e-02  8.74892372e+02  3.47543253e-01
  3.96000000e+00  3.96000000e+00  4.88966717e+01  5.30981335e+00
  1.41184208e+00  0.00000000e+00  0.00000000e+00  0.00000000e+00
  0.00000000e+00  0.00000000e+00  0.00000000e+00  0.00000000e+00
  0.00000000e+00  1.37037842e+01  1.29937194e+01  1.37075856e+01
  0.00000000e+00  1.51194276e+01  0.00000000e+00  0.00000000e+00
  5.30981335e+00  0.00000000e+00  1.37037842e+01  1.29937194e+01
  0.00000000e+00  0.00000000e+00  0.00000000e+00  5.30981335e+00
  0.00000000e+00  0.00000000e+00  0.00000000e+00  1.29937194e+01
  0.00000000e+00  0.00000000e+00  2.74113698e+01  0.00000000e+00
  1.41184208e+00  0.00000000e+00  0.00000000e+00  1.20300000e+01
  3.20073170e+01  0.00000000e+00  0.00000000e+00  0.00000000e+00
  0.00000000e+00  0.00000000e+00  0.00000000e+00  0.00000000e+00
  0.00000000e+00  0.00000000e+00  1.51194276e+01  7.61145833e+01
  0.00000000e+00  0.00000000e+00 -6.66666667e-01  0.00000000e+00
  0.00000000e+00  0.00000000e+00  0.00000000e+00 -1.34479167e+01
  0.00000000e+00  1.00000000e+00  5.00000000e+00  1.00000000e+00
  1.00000000e+00  0.00000000e+00  0.00000000e+00  0.00000000e+00
  0.00000000e+00  0.00000000e+00  0.00000000e+00  0.00000000e+00
  0.00000000e+00  0.00000000e+00  1.00000000e+00  1.00000000e+00
  1.00000000e+00  0.00000000e+00  4.00000000e+00  0.00000000e+00
  0.00000000e+00  0.00000000e+00  0.00000000e+00  0.00000000e+00
  2.75254256e-01  0.00000000e+00  6.15800000e-01  2.42177000e+01
  0.00000000e+00  0.00000000e+00  0.00000000e+00  0.00000000e+00
  0.00000000e+00  0.00000000e+00  0.00000000e+00  0.00000000e+00
  0.00000000e+00  0.00000000e+00  0.00000000e+00  0.00000000e+00
  0.00000000e+00  0.00000000e+00  0.00000000e+00  0.00000000e+00
  1.00000000e+00  0.00000000e+00  0.00000000e+00  0.00000000e+00
  0.00000000e+00  0.00000000e+00  0.00000000e+00  0.00000000e+00
  0.00000000e+00  0.00000000e+00  0.00000000e+00  0.00000000e+00
  0.00000000e+00  0.00000000e+00  0.00000000e+00  0.00000000e+00
  0.00000000e+00  0.00000000e+00  0.00000000e+00  0.00000000e+00
  0.00000000e+00  0.00000000e+00  0.00000000e+00  0.00000000e+00
  0.00000000e+00  0.00000000e+00  0.00000000e+00  0.00000000e+00
  0.00000000e+00  0.00000000e+00  0.00000000e+00  0.00000000e+00
  0.00000000e+00  0.00000000e+00  0.00000000e+00  0.00000000e+00
  0.00000000e+00  0.00000000e+00  0.00000000e+00  0.00000000e+00
  0.00000000e+00  0.00000000e+00  0.00000000e+00  0.00000000e+00
  0.00000000e+00  0.00000000e+00  0.00000000e+00  0.00000000e+00
  0.00000000e+00  0.00000000e+00  0.00000000e+00  0.00000000e+00
  0.00000000e+00  0.00000000e+00  0.00000000e+00  0.00000000e+00
  0.00000000e+00  0.00000000e+00  0.00000000e+00  0.00000000e+00
  0.00000000e+00  0.00000000e+00  0.00000000e+00  0.00000000e+00
  0.00000000e+00  0.00000000e+00  0.00000000e+00  0.00000000e+00
  0.00000000e+00]"
CCCC,58.123999999999995,3,"[ 7.00520833e+00  7.00520833e+00  3.31458333e+00 -3.41145833e+00
  4.31024358e-01  5.80000000e+01  5.81240000e+01  4.80440000e+01
  5.80782503e+01  2.60000000e+01  0.00000000e+00  2.63606586e-02
 -6.53924429e-02  6.53924429e-02  2.63606586e-02  1.75000000e+00
  2.25000000e+00  2.50000000e+00  1.36302052e+01  1.03935840e+01
  1.56029881e+00 -1.67633347e+00  1.76330517e+00 -1.47331595e+00
  4.12220517e+00  8.85584045e-01  1.80967988e+00  5.30008208e+00
  1.81142338e+02  1.20000000e+01  1.20000000e+01  2.00000000e+00
  5.75000000e+00  5.75000000e+00  7.50000000e-01  2.50000000e-01
  2.50000000e-01  6.25000000e-02  6.25000000e-02  0.00000000e+00
  0.00000000e+00  0.00000000e+00  3.34790778e+02  2.13017751e-01
  3.00000000e+00  2.00000000e+00  4.18837824e+01  0.00000000e+00
  0.00000000e+00  0.00000000e+00  0.00000000e+00  0.00000000e+00
  0.00000000e+00  0.00000000e+00  0.00000000e+00  0.00000000e+00
  0.00000000e+00  2.64496340e+01  0.00000000e+00  1.37075856e+01
  0.00000000e+00  1.37075856e+01  0.00000000e+00  0.00000000e+00
  0.00000000e+00  0.00000000e+00  2.64496340e+01  0.00000000e+00
  0.00000000e+00  0.00000000e+00  0.00000000e+00  0.00000000e+00
  0.00000000e+00  0.00000000e+00  0.00000000e+00  0.00000000e+00
  0.00000000e+00  0.00000000e+00  4.01572196e+01  0.00000000e+00
  0.00000000e+00  0.00000000e+00  0.00000000e+00  0.00000000e+00
  2.64496340e+01  0.00000000e+00  0.00000000e+00  0.00000000e+00
  0.00000000e+00  0.00000000e+00  0.00000000e+00  0.00000000e+00
  0.00000000e+00  0.00000000e+00  1.37075856e+01  6.84520833e+01
  0.00000000e+00  0.00000000e+00  0.00000000e+00  0.00000000e+00
  0.00000000e+00  0.00000000e+00 -6.82291667e+00 -6.62916667e+00
  0.00000000e+00  1.00000000e+00  4.00000000e+00  0.00000000e+00
  0.00000000e+00  0.00000000e+00  0.00000000e+00  0.00000000e+00
  0.00000000e+00  0.00000000e+00  0.00000000e+00  0.00000000e+00
  0.00000000e+00  0.00000000e+00  0.00000000e+00  0.00000000e+00
  0.00000000e+00  0.00000000e+00  3.00000000e+00  0.00000000e+00
  0.00000000e+00  0.00000000e+00  0.00000000e+00  0.00000000e+00
  1.59763314e-01  0.00000000e+00  1.80640000e+00  2.05820000e+01
  0.00000000e+00  0.00000000e+00  0.00000000e+00  0.00000000e+00
  0.00000000e+00  0.00000000e+00  0.00000000e+00  0.00000000e+00
  0.00000000e+00  0.00000000e+00  0.00000000e+00  0.00000000e+00
  0.00000000e+00  0.00000000e+00  0.00000000e+00  0.00000000e+00
  0.00000000e+00  0.00000000e+00  0.00000000e+00  0.00000000e+00
  0.00000000e+00  0.00000000e+00  0.00000000e+00  0.00000000e+00
  0.00000000e+00  0.00000000e+00  0.00000000e+00  0.00000000e+00
  0.00000000e+00  0.00000000e+00  0.00000000e+00  0.00000000e+00
  0.00000000e+00  0.00000000e+00  0.00000000e+00  0.00000000e+00
  0.00000000e+00  0.00000000e+00  0.00000000e+00  0.00000000e+00
  0.00000000e+00  0.00000000e+00  0.00000000e+00  0.00000000e+00
  0.00000000e+00  0.00000000e+00  0.00000000e+00  0.00000000e+00
  0.00000000e+00  0.00000000e+00  0.00000000e+00  0.00000000e+00
  0.00000000e+00  0.00000000e+00  0.00000000e+00  0.00000000e+00
  0.00000000e+00  0.00000000e+00  0.00000000e+00  0.00000000e+00
  0.00000000e+00  0.00000000e+00  0.00000000e+00  0.00000000e+00
  0.00000000e+00  0.00000000e+00  0.00000000e+00  0.00000000e+00
  0.00000000e+00  0.00000000e+00  0.00000000e+00  0.00000000e+00
  0.00000000e+00  0.00000000e+00  0.00000000e+00  0.00000000e+00
  0.00000000e+00  0.00000000e+00  0.00000000e+00  0.00000000e+00
  0.00000000e+00  0.00000000e+00  0.00000000e+00  0.00000000e+00
  0.00000000e+00]"
CCOC,60.096000000000004,4,"[ 6.75520833e+00  6.75520833e+00  3.04375000e+00 -3.14062500e+00
  4.31500998e-01  4.70000000e+01  6.00960000e+01  5.20320000e+01
  6.00575149e+01  2.60000000e+01  0.00000000e+00  5.63455806e-02
 -3.84976893e-01  3.84976893e-01  5.63455806e-02  2.50000000e+00
  3.50000000e+00  3.75000000e+00  1.64606636e+01  1.08859166e+01
  1.51106866e+00 -1.75969693e+00  1.51951398e+00 -1.72961327e+00
  3.94414069e+00  2.15447624e-01  1.51718267e+00  4.44393688e+00
  1.52666358e+02  1.02071068e+01  9.90824829e+00  1.90824829e+00
  4.95710678e+00  4.65824829e+00  6.58248290e-01  2.04124145e-01
  2.04124145e-01  5.10310363e-02  5.10310363e-02  0.00000000e+00
  0.00000000e+00 -4.00000000e-02  1.22891796e+02  2.88840109e-01
  2.96000000e+00  1.96000000e+00  3.78224445e+01  4.73686295e+00
  0.00000000e+00  0.00000000e+00  0.00000000e+00  0.00000000e+00
  0.00000000e+00  0.00000000e+00  0.00000000e+00  0.00000000e+00
  0.00000000e+00  0.00000000e+00  6.85189212e+00  1.77092134e+01
  6.85379278e+00  1.57029314e+01  0.00000000e+00  0.00000000e+00
  0.00000000e+00  0.00000000e+00  6.85189212e+00  1.35969377e+01
  0.00000000e+00  0.00000000e+00  0.00000000e+00  0.00000000e+00
  0.00000000e+00  0.00000000e+00  0.00000000e+00  1.35969377e+01
  4.73686295e+00  0.00000000e+00  1.78179606e+01  0.00000000e+00
  0.00000000e+00  0.00000000e+00  0.00000000e+00  9.23000000e+00
  2.04488298e+01  0.00000000e+00  0.00000000e+00  0.00000000e+00
  0.00000000e+00  0.00000000e+00  0.00000000e+00  0.00000000e+00
  0.00000000e+00  4.73686295e+00  1.09660684e+01  5.65302083e+01
  0.00000000e+00  0.00000000e+00  0.00000000e+00  0.00000000e+00
  0.00000000e+00  0.00000000e+00  0.00000000e+00 -6.23645833e+00
 -3.04375000e+00  1.00000000e+00  4.00000000e+00  0.00000000e+00
  1.00000000e+00  0.00000000e+00  0.00000000e+00  0.00000000e+00
  0.00000000e+00  0.00000000e+00  0.00000000e+00  0.00000000e+00
  0.00000000e+00  0.00000000e+00  1.00000000e+00  0.00000000e+00
  1.00000000e+00  0.00000000e+00  3.00000000e+00  0.00000000e+00
  0.00000000e+00  0.00000000e+00  0.00000000e+00  0.00000000e+00
  2.13741680e-01  0.00000000e+00  6.52700000e-01  1.75500000e+01
  0.00000000e+00  0.00000000e+00  0.00000000e+00  0.00000000e+00
  0.00000000e+00  0.00000000e+00  0.00000000e+00  0.00000000e+00
  0.00000000e+00  0.00000000e+00  0.00000000e+00  0.00000000e+00
  0.00000000e+00  0.00000000e+00  0.00000000e+00  0.00000000e+00
  0.00000000e+00  0.00000000e+00  0.00000000e+00  0.00000000e+00
  0.00000000e+00  0.00000000e+00  0.00000000e+00  0.00000000e+00
  0.00000000e+00  0.00000000e+00  0.00000000e+00  0.00000000e+00
  0.00000000e+00  0.00000000e+00  0.00000000e+00  0.00000000e+00
  0.00000000e+00  0.00000000e+00  0.00000000e+00  0.00000000e+00
  0.00000000e+00  0.00000000e+00  0.00000000e+00  0.00000000e+00
  0.00000000e+00  1.00000000e+00  0.00000000e+00  0.00000000e+00
  0.00000000e+00  0.00000000e+00  0.00000000e+00  0.00000000e+00
  0.00000000e+00  0.00000000e+00  0.00000000e+00  0.00000000e+00
  0.00000000e+00  0.00000000e+00  0.00000000e+00  1.00000000e+00
  0.00000000e+00  0.00000000e+00  0.00000000e+00  0.00000000e+00
  0.00000000e+00  0.00000000e+00  0.00000000e+00  0.00000000e+00
  0.00000000e+00  0.00000000e+00  0.00000000e+00  0.00000000e+00
  0.00000000e+00  0.00000000e+00  0.00000000e+00  0.00000000e+00
  0.00000000e+00  0.00000000e+00  0.00000000e+00  0.00000000e+00
  0.00000000e+00  0.00000000e+00  0.00000000e+00  0.00000000e+00
  0.00000000e+00  0.00000000e+00  0.00000000e+00  0.00000000e+00
  0.00000000e+00]"
